Index,ADF Statistic,p-value,Stationary
DAX,2.2958108025898554,0.9989525065082031,No
SMI,2.235031764169123,0.9989101137185092,No
CAC,1.286412777047598,0.9965317660326687,No
FTSE,0.10611636882926684,0.9664762144355074,No
